authors,title,keywords,periodical,id
"Liu, FF; Fan, JL; Du, JH; Shi, X; Zhang, J; Shen, YH",Intensified nitrogen transformation in intermittently aerated constructed wetlands: Removal pathways and microbial response mechanism,Constructed wetlands; Intermittent aeration; Construction waste; Microbial mechanism; Nmass balance,SCIENCE OF THE TOTAL ENVIRONMENT,10.1016/j.scitotenv.2018.10.037
"Masi, F; Rizzo, A; Bresciani, R; Martinuzzi, N; Wallace, SD; Van Oirschot, D; Macor, F; Rossini, T; Fornaroli, R; Mezzanotte, V",Lessons learnt from a pilot study on residual dye removal by an aerated treatment wetland,Constructed wetland; Treatment wetland; Aerated wetland; Dye removal; Textile wastewater; Residual dye,SCIENCE OF THE TOTAL ENVIRONMENT,10.1016/j.scitotenv.2018.08.113
"Zhang, LL; Tang, Z; Zhang, SJ; Jia, XY; Yu, XF; Sun, GZ; Zou, YC",Effects of artificial aeration and iron inputs on the transformation of carbon and phosphorus in a typical wetland soil,Artificial aeration; Chemical elements; Fe; P concentration ratios; Wetland soil,JOURNAL OF SOILS AND SEDIMENTS,10.1007/s11368-018-1988-1
"Sun, HM; Yang, ZC; Wei, CJ; Wu, WZ",Nitrogen removal performance and functional genes distribution patterns in solid-phase denitrification sub-surface constructed wetland with micro aeration,Vertical flow constructed wetland; Solid-phase denitrification; Aeration; Functional genes; Nitrogen removal,BIORESOURCE TECHNOLOGY,10.1016/j.biortech.2018.04.078
"Liu, XL; Zhang, K; Fan, LQ; Luo, HB; Jiang, MS; Anderson, BC; Li, M; Huang, B; Yu, LJ; He, GZ; Wang, JT; Pu, AP",Intermittent micro-aeration control of methane emissions from an integrated vertical-flow constructed wetland during agricultural domestic wastewater treatment,Intermittent micro-aeration; Integrated vertical-flow constructed wetland; Control of methane emissions; Oxygen transfer efficiency; Cyperus alternifolius L.,ENVIRONMENTAL SCIENCE AND POLLUTION RESEARCH,10.1007/s11356-018-2226-5
"Zhou, X; Gao, L; Zhang, H; Wu, HM",Determination of the optimal aeration for nitrogen removal in biochar-amended aerated vertical flow constructed wetlands,Biochar; Constructed wetlands; Intermittent aeration; Nitrogen removal; Nitrous oxide,BIORESOURCE TECHNOLOGY,10.1016/j.biortech.2018.04.028
"Freeman, AI; Surridge, BJ; Matthews, M; Stewart, M; Haygarth, PM",New approaches to enhance pollutant removal in artificially aerated wastewater treatment systems,Aerated constructed wetlands; De-icer contaminated runoff; Phased artificial aeration; Oxygen transfer efficiency; Organic pollutants; Freshwater ecosystems,SCIENCE OF THE TOTAL ENVIRONMENT,10.1016/j.scitotenv.2018.01.261
"Wang, CH; Wu, Y; Bai, LL; Wang, CL; Jiang, HL; Wei, ZX; Wei, XY; Yuan, ZC; Liu, X",Intermittent aeration incubation of drinking water treatment residuals for recycling in aquatic environment remediation,Drinking water treatment residuals; Recycling; Remedlation; Aquatic environment,JOURNAL OF CLEANER PRODUCTION,10.1016/j.jclepro.2018.02.151
"Lyu, T; He, KL; Dong, RJ; Wu, SB",The intensified constructed wetlands are promising for treatment of ammonia stripped effluent: Nitrogen transformations and removal pathways,Alkaline wastewater; Constructed wetlands; Effluent recirculation; Microbial community; Isotopic composition; Intermittent aeration,ENVIRONMENTAL POLLUTION,10.1016/j.envpol.2018.01.056
"Boog, J; Nivala, J; Aubron, T; Mothes, S; van Afferden, M; Muller, RA",Resilience of carbon and nitrogen removal due to aeration interruption in aerated treatment wetlands,Aeration; Constructed wetland; Domestic wastewater; Aeration stop; System dynamics,SCIENCE OF THE TOTAL ENVIRONMENT,10.1016/j.scitotenv.2017.10.131
"Zhao, XH; Hu, YS; Zhao, YQ; Kumar, L",Achieving an extraordinary high organic and hydraulic loadings with good performance via an alternative operation strategy in a multi-stage constructed wetland system,Constructed wetland; High-strength wastewater; Anaerobic up-flow; Effluent recirculation; Tidal flow; Organic and hydraulic loadings,ENVIRONMENTAL SCIENCE AND POLLUTION RESEARCH,10.1007/s11356-018-1464-x
"Zhang, L; Lyu, T; Zhang, Y; Button, M; Arias, CA; Weber, KP; Brix, H; Carvalho, PN",Impacts of design configuration and plants on the functionality of the microbial community of mesocosm-scale constructed wetlands treating ibuprofen,Ibuprofen; Community-level physiological profiling (CLPP); Wetland plants; Horizontal subsurface flow; Vertical flow; Forced aeration,WATER RESEARCH,10.1016/j.watres.2017.12.050
"Zhou, X; Jia, LX; Liang, CL; Feng, LK; Wang, RG; Wu, HM",Simultaneous enhancement of nitrogen removal and nitrous oxide reduction by a saturated biochar-based intermittent aeration vertical flow constructed wetland: Effects of influent strength,Biochar; Intermittent aeration; Nitrogen removal; Nitrous oxide; Vertical flow constructed wetlands,CHEMICAL ENGINEERING JOURNAL,10.1016/j.cej.2017.11.066
"Zhang, XW; Hu, Z; Zhang, J; Fan, JL; Ngo, HH; Guo, WS; Zeng, CJ; Wu, YW; Wang, SY",A novel aerated surface flow constructed wetland using exhaust gas from biological wastewater treatment: Performance and mechanisms,Surface flow constructed wetlands; Intermittent aeration; Exhaust gases; Nitrogen transformation; Odor,BIORESOURCE TECHNOLOGY,10.1016/j.biortech.2017.08.172
"Fu, GP; Yu, TY; Huangshen, L; Han, JY",The influence of complex fermentation broth on denitrification of saline sewage in constructed wetlands by heterotrophic nitrifying/aerobic denitrifying bacterial communities,Constructed wetland; Salinity; Denitrification; Heterotrophic nitrifying-aerobic denitrifying bacteria,BIORESOURCE TECHNOLOGY,10.1016/j.biortech.2017.11.057
"Ilyas, H; Masih, I",The effects of different aeration strategies on the performance of constructed wetlands for phosphorus removal,Constructed wetlands; Dissolved oxygen; Orthophosphate; Oxidation-reduction potential; Total phosphorus; Wastewater,ENVIRONMENTAL SCIENCE AND POLLUTION RESEARCH,10.1007/s11356-017-1071-2
"Li, Y; Zhang, KS",Pilot scale treatment of polluted surface waters using membrane-aerated biofilm reactor (MABR),Membrane-aerated biofilm reactor (MABR); surface water; total nitrogen; C/N ratio,BIOTECHNOLOGY & BIOTECHNOLOGICAL EQUIPMENT,10.1080/13102818.2017.1399826
"Lee, S; Maniquiz-Redillas, MC; Kim, LH",Assessment of aeration pond operation in a constructed wetland receiving high nitrogen content wastewater from livestock area,Aeration time; Constructed wetland; Livestock wastewater; Oxygen consumption rate; Oxygen transfer coefficient,DESALINATION AND WATER TREATMENT,10.5004/dwt.2018.21816
"Yang, ZC; Yang, LH; Wei, CJ; Wu, WZ; Zhao, XF; Lu, T",Enhanced nitrogen removal using solid carbon source in constructed wetland with limited aeration,Nitrogen removal; Constructed wetlands; Limited aeration; Solid carbon source,BIORESOURCE TECHNOLOGY,10.1016/j.biortech.2017.07.188
"Srivastava, P; Dwivedi, S; Kumar, N; Abbassi, R; Garaniya, V; Yadav, AK",Performance assessment of aeration and radial oxygen loss assisted cathode based integrated constructed wetland-microbial fuel cell systems,Radial oxygen loss; Constructed wetland-microbial fuel cell; Intermittent aeration; Cathode reaction; Microbial fuel cell,BIORESOURCE TECHNOLOGY,10.1016/j.biortech.2017.08.026
"Shi, X; Fan, JL; Zhang, J; Shen, YH",Enhanced phosphorus removal in intermittently aerated constructed wetlands filled with various construction wastes,Constructed wetlands; Phosphorus removal; Intermittent aeration; Construction waste; Microbial mechanism; Phosphorus mass balance,ENVIRONMENTAL SCIENCE AND POLLUTION RESEARCH,10.1007/s11356-017-9870-z
"Zhou, X; Wang, XZ; Zhang, H; Wu, HM",Enhanced nitrogen removal of low C/N domestic wastewater using a biochar-amended aerated vertical flow constructed wetland,Constructed wetlands; Intermittent aeration; Biochar; Nitrogen removal; Nitrous oxide,BIORESOURCE TECHNOLOGY,10.1016/j.biortech.2017.05.072
"Fang, YK; Hu, Z; Zou, Y; Fan, JL; Wang, QS; Zhu, ZR",Increasing economic and environmental benefits of media-based aquaponics through optimizing aeration pattern,Aquaponics; Aeration pattern; Economic benefits; Nitrogen utilization efficiency; GHG emissions,JOURNAL OF CLEANER PRODUCTION,10.1016/j.jclepro.2017.06.158
"Liu, M; Li, BY; Xue, YW; Wang, HY; Yang, K",Constructed wetland using corncob charcoal substrate: pollutants removal and intensification,aeration; C/N ratio; carbon source; charcoal; constructed wetlands; denitrification,WATER SCIENCE AND TECHNOLOGY,10.2166/wst.2017.305
"Auvinen, H; Gebhardt, W; Linnemann, V; Du Laing, G; Rousseau, DPL",Laboratory- and full-scale studies on the removal of pharmaceuticals in an aerated constructed wetland: effects of aeration and hydraulic retention time on the removal efficiency and assessment of the aquatic risk,forced bed aeration; hazard quotient; hybrid; light expanded clay aggregate (LECA); sub-surface flow,WATER SCIENCE AND TECHNOLOGY,10.2166/wst.2017.328
"Liu, GQ; Wang, JM",Achieving advanced nitrogen removal for small flow wastewater using a baffled bioreactor (BBR) with intermittent aeration,Small-flow wastewater treatment; Nitrogen removal; Baffled bioreactor; Intermittent aeration,JOURNAL OF ENVIRONMENTAL MANAGEMENT,10.1016/j.jenvman.2017.05.047
"Auvinen, H; Havran, I; Hubau, L; Vanseveren, L; Gebhardt, W; Linnemann, V; Van Oirschot, D; Du Laing, G; Rousseau, DPL",Removal of pharmaceuticals by a pilot aerated sub-surface flow constructed wetland treating municipal and hospital wastewater,Pilot-scale; Pharmaceutical; Intensified wetland; Aeration,ECOLOGICAL ENGINEERING,10.1016/j.ecoleng.2016.12.031
"Wu, SBA; Lv, T; Lu, QM; Ajmal, Z; Dong, RJ","Treatment of anaerobic digestate supernatant in microbial fuel cell coupled constructed wetlands: Evaluation of nitrogen removal, electricity generation, and bacterial community response",Aeration position; High-strength wastewater; New configuration; Recirculation; Vertical upflow constructed wetlands,SCIENCE OF THE TOTAL ENVIRONMENT,10.1016/j.scitotenv.2016.11.138
"Lv, JJ; Hou, L; Zhang, LY; Xi, BD; Mao, XH; Wu, YW",Long-term performance of aerated and planted constructed wetland treatment on domestic wastewater,Artificial aeration; Constructed wetland; Domestic water; Long-term performance,DESALINATION AND WATER TREATMENT,10.5004/dwt.2017.20256
"Wang, L; Li, T",Seasonal effects of pre-aeration on microbial processes for nitrogen removal in constructed wetlands,Pre-aeration; Anammox; Denitrification; Partial nitrification; Constructed wetland; Wastewater treatment,ENVIRONMENTAL SCIENCE AND POLLUTION RESEARCH,10.1007/s11356-016-7958-5
"Li, H; Chi, ZF; Yan, BX; Cheng, L; Li, JZ",Nitrogen removal in wood chip combined substrate baffled subsurface-flow constructed wetlands: impact of matrix arrangement and intermittent aeration,Wood chip; Matrix arrangement; Intermittent aeration; Nitrogen removal; Baffled constructed wetlands,ENVIRONMENTAL SCIENCE AND POLLUTION RESEARCH,10.1007/s11356-016-8227-3
"Lehl, HK; Ong, SA; Ho, LN; Wong, YS; Saad, FNM; Oon, YL; Oon, YS; Thung, WE; Yong, CY",Decolorization and mineralization of Amaranth dye using multiple zoned aerobic and anaerobic baffled constructed wetland,aerobic-anaerobic baffled constructed wetland; sodium benzoate; artificial wastewater treatment; Amaranth dye,INTERNATIONAL JOURNAL OF PHYTOREMEDIATION,10.1080/15226514.2017.1284748
"Patil, S; Chakraborty, S",Effects of step-feeding and intermittent aeration on organics and nitrogen removal in a horizontal subsurface flow constructed wetland,Denitrification; external aeration; nitrification; step feeding; total nitrogen removal,JOURNAL OF ENVIRONMENTAL SCIENCE AND HEALTH PART A-TOXIC/HAZARDOUS SUBSTANCES & ENVIRONMENTAL ENGINEERING,10.1080/10934529.2016.1262608
"Oon, YL; Ong, SA; Ho, LN; Wong, YS; Dahalan, FA; Oon, YS; Lehl, HK; Thung, WE; Nordin, N",Role of macrophyte and effect of supplementary aeration in up-flow constructed wetland-microbial fuel cell for simultaneous wastewater treatment and energy recovery,Up-flow constructed wetland-microbial fuel cell; Biological wastewater treatment; Aeration; Bioelectricity recovery; Normalized energy recovery,BIORESOURCE TECHNOLOGY,10.1016/j.biortech.2016.10.079
"Pascual, A; de la Varga, D; Arias, CA; Van Oirschot, D; Kilian, R; Alvarez, JA; Soto, M",Hydrolytic anaerobic reactor and aerated constructed wetland systems for municipal wastewater treatment - HIGHWET project,HUSB anaerobic digester; aerated constructed wetlands; nitrogen removal; phosphorus removal; municipal wastewater,ENVIRONMENTAL TECHNOLOGY,10.1080/09593330.2016.1188995
"Zhai, J; Xiao, J; Rahaman, MH; John, Y; Xiao, JS",Seasonal Variation of Nutrient Removal in a Full-Scale Artificial Aerated Hybrid Constructed Wetland,aeration; horizontal subsurface flow wetland; hybrid constructed wetland; nutrient removal; seasonal variations; vertical-baffled flow wetland,WATER,10.3390/w8120551
"Lehl, HK; Ong, SA; Ho, LN; Wong, YS; Saad, FNM; Oon, YL; Oon, YS; Yong, CY; Thung, WE",Multiple aerobic and anaerobic baffled constructed wetlands for simultaneous nitrogen and organic compounds removal,Aerobic-anaerobic baffled constructed wetland; Sodium benzoate; Artificial wastewater; Nutrients,DESALINATION AND WATER TREATMENT,10.1080/19443994.2016.1189698
"Boog, J; Nivala, J; Aubron, T; Wallace, S; Sullivan, C; van Afferden, M; Muller, RA",Treatment Wetland Aeration without Electricity? Lessons Learned from the First Experiment Using a Wind-Driven Air Pump,aerated wetland; treatment wetland; domestic wastewater; horizontal flow; energy demand,WATER,10.3390/w8110502
"Ding, Y; Wang, W; Liu, XP; Song, XS; Wang, YH; Ullman, JL",Intensified nitrogen removal of constructed wetland by novel integration of high rate algal pond biotechnology,High rate algal pond; Constructed wetland; Photosynthetic aeration; Algal carbon source; Nitrogen removal,BIORESOURCE TECHNOLOGY,10.1016/j.biortech.2016.08.044
"Butterworth, E; Richards, A; Jones, M; Mansi, G; Ranieri, E; Dotro, G; Jefferson, B",Performance of Four Full-Scale Artificially Aerated Horizontal Flow Constructed Wetlands for Domestic Wastewater Treatment,aeration; clogging; dissolved oxygen; nitrification; treatment wetlands,WATER,10.3390/w8090365
"Wu, HM; Fan, JL; Zhang, J; Ngo, HH; Guo, WS; Hu, Z; Lv, JL",Optimization of organics and nitrogen removal in intermittently aerated vertical flow constructed wetlands: Effects of aeration time and aeration rate,Constructed wetlands; Intermittent aeration; Denitrification; Nitrification; Organic matter removal,INTERNATIONAL BIODETERIORATION & BIODEGRADATION,10.1016/j.ibiod.2016.04.031
"Koiv, M; Mahadeo, K; Brient, S; Claveau-Mallet, D; Comeau, Y",Treatment of fish farm sludge supernatant by aerated filter beds and steel slag filters-effect of organic loading rate,Aeration; Calcium-rich; Phosphorus; Precipitation; Reactive filter material; Steel slag,ECOLOGICAL ENGINEERING,10.1016/j.ecoleng.2016.05.060
"Yan, L; Li, ZG; Wang, GX; Gao, YM; Wang, YJ; Gu, JD; Wang, WD",Diversity of ammonia-oxidizing bacteria and archaea in response to different aeration rates during cattle manure composting,Ammonia-oxidizing bacteria; Ammonia-oxidizing archaea; Aeration; amoA; Cattle manure composting,ECOLOGICAL ENGINEERING,10.1016/j.ecoleng.2016.05.002
"Fan, JL; Zhang, J; Guo, WS; Liang, S; Wu, HM",Enhanced long-term organics and nitrogen removal and associated microbial community in intermittently aerated subsurface flow constructed wetlands,Vertical flow constructed wetlands; Intermittent aeration; Denitrification; Nitrification; Nitrogen removal,BIORESOURCE TECHNOLOGY,10.1016/j.biortech.2016.05.083
"Guo, LC; He, KL; Wu, SB; Sun, H; Wang, YF; Huang, X; Dong, RJ",Optimization of high-rate TN removal in a novel constructed wetland integrated with microelectrolysis system treating high-strength digestate supernatant,Horizontal flow constructed wetlands; Anaerobic digestate supernatant; Intermittent aeration; Effluent recirculation; Microelectrolysis system,JOURNAL OF ENVIRONMENTAL MANAGEMENT,10.1016/j.jenvman.2016.04.044
"Zapater-Pereyra, M; Kyomukama, E; Namakula, V; van Bruggen, JJA; Lens, PNL",The effect of aeration and recirculation on a sand-based hybrid constructed wetland treating low-strength domestic wastewater,Aeration; hybrid constructed wetland; low-strength domestic wastewater; nitrogen; recirculation,ENVIRONMENTAL TECHNOLOGY,10.1080/09593330.2015.1135994
"Uggetti, E; Hughes-Riley, T; Morris, RH; Newton, MI; Trabi, CL; Hawes, P; Puigagut, J; Garcia, J",Intermittent aeration to improve wastewater treatment efficiency in pilot-scale constructed wetland,Intermittent aeration; Ammonium removal; Nitrification/denitrification; Constructed wetlands; Horizontal sub-surface flow,SCIENCE OF THE TOTAL ENVIRONMENT,10.1016/j.scitotenv.2016.03.195
"Hong, JM; Hu, MM; Sun, R; Chen, BY",Unraveling characteristics of nutrient removal and microbial community in a novel aerated landscape - Activated sludge ecological system,Landscape-activated sludge ecological system (LASeM); Aeration rate (AR); Nutrient removal; Microbial community,BIORESOURCE TECHNOLOGY,10.1016/j.biortech.2016.04.042
"Wu, HM; Fan, JL; Zhang, J; Ngo, HH; Guo, WS; Liang, S; Lv, JL; Lu, SY; Wu, WZ; Wu, SQ",Intensified organics and nitrogen removal in the intermittent-aerated constructed wetland using a novel sludge-ceramsite as substrate,Subsurface flow constructed wetlands; Domestic wastewater; Aeration; Nitrogen removal,BIORESOURCE TECHNOLOGY,10.1016/j.biortech.2016.01.051
"Butterworth, E; Richards, A; Jones, M; Brix, H; Dotro, G; Jefferson, B",Impact of aeration on macrophyte establishment in sub-surface constructed wetlands used for tertiary treatment of sewage,Aeration; Plant development; Reed beds; Nutrients; Biomass; Wastewater,ECOLOGICAL ENGINEERING,10.1016/j.ecoleng.2016.01.017
"Murphy, C; Rajabzadeh, AR; Weber, KP; Nivala, J; Wallace, SD; Cooper, DJ",Nitrification cessation and recovery in an aerated saturated vertical subsurface flow treatment wetland: Field studies and microscale biofilm modeling,Aeration; Constructed wetland; Denitrification; Diffusion; Intensified wetland,BIORESOURCE TECHNOLOGY,10.1016/j.biortech.2016.02.065
"Du, X; Shi, CH; Ma, FS",Influence of intermittent aeration and organic loading rate on lab-scale constructed wetland systems treating synthetic wastewater,Oxygen supply; Photovoltaic aeration; Vertical flow; Organic loading rate; Tidal flow,DESALINATION AND WATER TREATMENT,10.1080/19443994.2015.1033649
"Wu, SB; Lei, M; Lu, QM; Guo, LC; Dong, RJ",Treatment of pig manure liquid digestate in horizontal flow constructed wetlands: Effect of aeration,Anaerobic digestion; Effluent recirculation; Farmland loading capacity; Horizontal flow constructed wetland; Intermittent aeration,ENGINEERING IN LIFE SCIENCES,10.1002/elsc.201500030
"Yang, YQ; Zhan, X; Wu, SJ; Kang, ML; Guo, JN; Chen, FR",Effect of hydraulic loading rate on pollutant removal efficiency in subsurface infiltration system under intermittent operation and micro-power aeration,Subsurface wastewater infiltration system; High hydraulic loading rate; Intermittent operation; Intermittent aeration; Oxygen concentration,BIORESOURCE TECHNOLOGY,10.1016/j.biortech.2015.12.088
"Zhang, M; Wang, JM; Zhang, ZZ; Song, ZZ; Zhang, ZJ; Zhang, BY; Zhang, GQ; Wu, WM",A field pilot-scale study of biological treatment of heavy oil-produced water by biological filter with airlift aeration and hydrolytic acidification system,Heavy oil-produced water; Biological filter with airlift aeration; Refractory organic matter; Bioaugmentation; Biodegradation; Removal of total nitrogen,ENVIRONMENTAL SCIENCE AND POLLUTION RESEARCH,10.1007/s11356-015-5721-y
"Yan, X; Han, YP; Li, QL; Sun, JH; Su, XF",Impact of internal recycle ratio on nitrous oxide generation from anaerobic/anoxic/oxic biological nitrogen removal process,Wastewater treatment; Anaerobic-anoxic-oxic process; Biological nitrogen removal; Internal recycle ratio; Greenhouse gas; Nitrous oxide,BIOCHEMICAL ENGINEERING JOURNAL,10.1016/j.bej.2015.11.005
"Kirui, WK; Wu, SB; Kizito, S; Carvalho, PN; Dong, RJ",Pathways of nitrobenzene degradation in horizontal subsurface flow constructed wetlands: Effect of intermittent aeration and glucose addition,Constructed wetlands; Intermittent aeration; Nitrobenzene; Nitrogen; Sulphur,JOURNAL OF ENVIRONMENTAL MANAGEMENT,10.1016/j.jenvman.2015.10.001
"Hyun, K; Choi, J; Ki, D; Park, J; Ahn, S; Oh, H; Choung, YK","Bathroom wastewater treatment in constructed wetlands with planting, non-planting and aeration, non-aeration conditions",Greywater; Constructed wetland; Planting; Aeration; Microbial community; Apartment complex,DESALINATION AND WATER TREATMENT,10.1080/19443994.2014.997991
"Matsuura, A; An, P; Murata, K; Inanaga, S",Effect of pre- and post-heading waterlogging on growth and grain yield of four millets,Grain yield; lysigenous aerenchyma; millet; root growth; waterlogging tolerance,PLANT PRODUCTION SCIENCE,10.1080/1343943X.2016.1146907
"Wang, H; An, XQ; Yang, Y; Bo, GZ; Zhang, YZ",Analyzing the Removal Effect of Nitrogen before and after Enhanced Aeration in Constructed Wetlands,constructed wetland; nitrogen; bottom aeration; average daily aeration time; hydraulic loading,POLISH JOURNAL OF ENVIRONMENTAL STUDIES,10.15244/pjoes/62711
"Araya, F; Vera, I; Saez, K; Vidal, G",Effects of aeration and natural zeolite on ammonium removal during the treatment of sewage by mesocosm-scale constructed wetlands,Aeration; ammonium removal; constructed wetland; natural zeolite; sewage treatment,ENVIRONMENTAL TECHNOLOGY,10.1080/09593330.2015.1133715
"Matamoros, V; Rodriguez, Y; Albaiges, J",A comparative assessment of intensive and extensive wastewater treatment technologies for removing emerging contaminants in small communities,Emerging contaminants; Rotating biological contactor; Extended aeration system; Waste stabilization pond; Constructed wetlands; Removal,WATER RESEARCH,10.1016/j.watres.2015.10.058
"Arias, CA; Oirschot, DV; Kilian, R; Pascual, A; Carvalho, P; Lv, T; Zhang, Y; Brix, H; Alvarez, JA",Design and performance evaluation of a highly loaded aerated treatment wetland managing effluents from a food processing industry in Denmark,aerated system; engineered treatment wetland; horizontal flow; industrial wastewater; kinetic constant; vertical flow,WATER PRACTICE AND TECHNOLOGY,10.2166/wpt.2015.074
"Wang, XO; Tian, YM; Zhao, XH; Peng, S; Wu, Q; Yan, LJ","Effects of aeration position on organics, nitrogen and phosphorus removal in combined oxidation pond-constructed wetland systems",Constructed wetland; Oxidation pond; Aeration position; Artificial aeration,BIORESOURCE TECHNOLOGY,10.1016/j.biortech.2015.08.150
"Svensson, H; Ekstam, B; Marques, M; Hogland, W",Removal of organic pollutants from oak leachate in pilot scale wetland systems: How efficient are aeration and vegetation treatments?,Constructed wetland; Wood leachate; COD; Aeration,WATER RESEARCH,10.1016/j.watres.2015.07.017
"Cheng, H; Wang, YS; Fei, J; Jiang, ZY; Ye, ZH","Differences in root aeration, iron plaque formation and waterlogging tolerance in six mangroves along a continues tidal gradient",Mangrove; Root aeration; Iron plaque; Waterlogging,ECOTOXICOLOGY,10.1007/s10646-015-1474-0
"Labella, A; Caniani, D; Hughes-Riley, T; Morris, RH; Newton, MI; Hawes, P; Puigagut, J; Garca, J; Uggetti, E",Assessing the economic suitability of aeration and the influence of bed heating on constructed wetlands treatment efficiency and life-span,Artificial aeration; Heating; Wastewater treatment; Clogging; Constructed wetlands,ECOLOGICAL ENGINEERING,10.1016/j.ecoleng.2015.06.028
"Guan, YD; Zhang, Y; Zhong, CN; Huang, XF; Fu, J; Zhao, DY",Effect of operating factors on the contaminants removal of a soil filter: multi-soil-layering system,Enhanced aeration; System suspension; Hydraulic load rate; Clogging; Aeration; C/N ratio,ENVIRONMENTAL EARTH SCIENCES,10.1007/s12665-015-4288-8
"Murphy, C; Wallace, S; Knight, R; Cooper, D; Sellers, T",Treatment performance of an aerated constructed wetland treating glycol from de-icing operations at a UK airport,Aeration; Constructed wetlands; Horizontal sub-surface flow; Event-driven; Ethylene glycol; Propylene glycol; Diethylene glycol; De-icer; Surface run-off; Nutrient deficiency,ECOLOGICAL ENGINEERING,10.1016/j.ecoleng.2014.05.032
"Zhong, F; Wu, J; Dai, YR; Yang, LH; Zhang, ZH; Cheng, SP; Zhang, Q",Bacterial community analysis by PCR-DGGE and 454-pyrosequencing of horizontal subsurface flow constructed wetlands with front aeration,Constructed wetland; Front aeration; Bacterial community; DGGE; 454-Pyrosequencing,APPLIED MICROBIOLOGY AND BIOTECHNOLOGY,10.1007/s00253-014-6063-2
"Zhu, JW; Liang, J; Xu, ZH; Fan, XR; Zhou, QS; Shen, QR; Xu, GH",Root aeration improves growth and nitrogen accumulation in rice seedlings under low nitrogen,Aerenchyma formation; ethylene; gene expression; nitrogen; Oryza sativa; oxygen,AOB PLANTS,10.1093/aobpla/plv131
"Yan, HH; Nian, YG; Zhou, YX; Yin, Q; Xue, M; Nie, ZD; Song, YW",REMEDIATION OF THE POLLUTED LANDSCAPE WATER BY USING THE COMBINED PROCESS OF BIOFILM AND AERATION,biofilm; aeration; landscape water; nutrient salt; transparency,FRESENIUS ENVIRONMENTAL BULLETIN,
"Gu, DG; Xu, H; He, Y; Zhao, F; Huang, MS",Remediation of Urban River Water by Pontederia Cordata Combined with Artificial Aeration: Organic Matter and Nutrients Removal and Root-Adhered Bacterial Communities,aeration; macrophyte; nitrogen; phosphorus; bacterial diversity; grey relational analysis,INTERNATIONAL JOURNAL OF PHYTOREMEDIATION,10.1080/15226514.2015.1045121
"Miksch, K; Cema, G; Felis, E; Sochacki, A",Novel Methods and Technologies in Environmental Engineering,aerobic granules; granule formation; extracellular polymeric substances; partially nitrification; Anammox process; advanced oxidation processes; hybrid systems; constructed wetlands; decolorization; synthetic dyes; soil bioremediation; plant mycorrhization; molecular biology techniques; PCR; FISH,ROCZNIK OCHRONA SRODOWISKA,
"Dabrowski, W; Wiater, J; Boruszko, D",Treatment of Reject Water from Anaerobic Sewage Sludge Stabilization in Constructed Wetland,reject water; sewage sludge stabilization; constructed wetland,ROCZNIK OCHRONA SRODOWISKA,
"Zhong, F; Wu, J; Dai, YR; Xiang, DF; Cheng, SP; Ji, HJ",Performance evaluation of wastewater treatment using horizontal subsurface flow constructed wetlands optimized by micro-aeration and substrate selection,constructed wetlands; domestic sewage; substrate selection; micro-aeration,WATER SCIENCE AND TECHNOLOGY,10.2166/wst.2015.090
"Tao, M; He, F; Li, SF; Wu, ZB; Wang, QS",RESPONSES OF ENZYME ACTIVITIES AND MICROBIAL COMMUNITY STRUCTURE IN AN AERATED INTEGRATED VERTICAL-FLOW CONSTRUCTED WETLAND,integrated vertical-flow constructed wetland (IVCW); intermittent aeration; enzyme activity; microbial community structure; responses,FRESENIUS ENVIRONMENTAL BULLETIN,
"Verdejo, A; Curt, MD; Fernandez, J",Effects of Supplemental Aeration on Total Nitrogen Removal in a Floating Helophytes Filter (FHF) for Wastewater Treatment,constructed wetlands; floating helophytes filter; nitrogen removal; supplemental aeration,POLISH JOURNAL OF ENVIRONMENTAL STUDIES,
"Wu, HM; Fan, JL; Zhang, J; Ngo, HH; Guo, WS; Hu, Z; Liang, S",Decentralized domestic wastewater treatment using intermittently aerated vertical flow constructed wetlands: Impact of influent strengths,Vertical flow constructed wetlands; Intermittent aeration; Denitrification; Nitrification; Nitrogen removal,BIORESOURCE TECHNOLOGY,10.1016/j.biortech.2014.11.041
"Zhong, F; Wu, J; Dai, YR; Cheng, SP; Zhang, ZH; Ji, HJ",Effects of front aeration on the purification process in horizontal subsurface flow constructed wetlands shown with 2D contour plots,Constructed wetlands; Domestic sewage; Front-aeration; 2D contour plots,ECOLOGICAL ENGINEERING,10.1016/j.ecoleng.2014.09.119
"Wu, J; Yang, LH; Zhong, F; Cheng, SP",A field study on phytoremediation of dredged sediment contaminated by heavy metals and nutrients: the impacts of sediment aeration,Typha angustifolia; Dredged sediment; Phytoremediation; Sediment aeration; Heavymetal; Nutrient,ENVIRONMENTAL SCIENCE AND POLLUTION RESEARCH,10.1007/s11356-014-3275-z
"Ji, Y; Liu, G; Ma, J; Zhang, GB; Xu, H",Effects of Urea and Controlled Release Urea Fertilizers on Methane Emission from Paddy Fields: A Multi-Year Field Study,flood; trace gas; mid-season aeration; paddy soil; rice yield; thermoplastic resin-coated urea,PEDOSPHERE,10.1016/S1002-0160(14)60052-7
"Avila, C; Nivala, J; Olsson, L; Kassa, K; Headley, T; Mueller, RA; Bayona, JM; Garcia, J","Emerging organic contaminants in vertical subsurface flow constructed wetlands: Influence of media size, loading frequency and use of active aeration",Dosing regime; Grain size; Intensification; Municipal wastewater; Pharmaceutical; Treatment wetland,SCIENCE OF THE TOTAL ENVIRONMENT,10.1016/j.scitotenv.2014.06.128
"Pozo-Morales, L; Franco, M; Garvi, D; Lebrato, J",Experimental basis for the design of horizontal subsurface-flow treatment wetlands in naturally aerated channels with an anti-clogging stone layout,Wetland; Channel; Aeration; Clog; Subsurface; Plug flow; Design,ECOLOGICAL ENGINEERING,10.1016/j.ecoleng.2014.04.010
"Zapater-Pereyra, M; Gashugi, E; Rousseau, DPL; Alam, MR; Bayansan, T; Lens, PNL","Effect of aeration on pollutants removal, biofilm activity and protozoan abundance in conventional and hybrid horizontal subsurface-flow constructed wetlands",protozoa; organic matter; horizontal flow constructed wetlands; aeration; biofilm,ENVIRONMENTAL TECHNOLOGY,10.1080/09593330.2014.893024
"Vera, I; Araya, F; Andres, E; Saez, K; Vidal, G",Enhanced phosphorus removal from sewage in mesocosm-scale constructed wetland using zeolite as medium and artificial aeration,phosphorus removal; natural zeolite; artificial aeration; constructed wetland; sewage treatment,ENVIRONMENTAL TECHNOLOGY,10.1080/09593330.2013.877984
"Li, FM; Lu, L; Zheng, X; Zhang, XW",Three-stage horizontal subsurface flow constructed wetlands for organics and nitrogen removal: Effect of aeration,Horizontal subsurface flow constructed wetland; Dissolved oxygen; Aeration; Nitrification; COD removal,ECOLOGICAL ENGINEERING,10.1016/j.ecoleng.2014.03.025
"Boog, J; Nivala, J; Aubron, T; Wallace, S; van Afferden, M; Muller, RA",Hydraulic characterization and optimization of total nitrogen removal in an aerated vertical subsurface flow treatment wetland,Aerated vertical flow constructed wetland; Fluorescein; Intermittent aeration; Nitrogen removal; Tracer study,BIORESOURCE TECHNOLOGY,10.1016/j.biortech.2014.03.100
"Zhang, SY; Li, G; Chang, JJ; Li, XL; Tao, L","Aerated Enhanced Treatment of Aquaculture Effluent by Three-stage, Subsurface-Flow Constructed Wetlands under a High Loading Rate",aquaculture; wetland; artificial aeration; treatment performance; pollutant loading rate,POLISH JOURNAL OF ENVIRONMENTAL STUDIES,
"Mongon, J; Konnerup, D; Colmer, TD; Rerkasem, B","Responses of rice to Fe2+ in aerated and stagnant conditions: growth, root porosity and radial oxygen loss barrier",aerenchyma; flood tolerance; iron deficiency; iron toxicity; radial oxygen loss; root porosity,FUNCTIONAL PLANT BIOLOGY,10.1071/FP13359
"Tao, M; Wang, QS; Li, JG; Qu, JJ; Zhan, YQ; Li, WQ; Luo, YB",Treatment of wastewater with different ratios of carbon to nitrogen using an enhanced nitrogen removal system of constructed wetland,constructed wetland; intermittent aeration; carbon source addition; nitrogen removal,"ENVIRONMENTAL ENGINEERING, PTS 1-4",10.4028/www.scientific.net/AMR.864-867.1287
"Ong, SA; Ho, LN; Wong, YS; Chen, SF",ARTIFICIAL AERATION TO ENHANCE THE MINERALIZATION OF MONO AZO (METHYL ORANGE)-CONTAINING WASTEWATER USING RECIRCULATED UP-FLOW CONSTRUCTED WETLAND,artificial aeration; azo dye; constructed wetland; Methyl Orange; recirculated UFCW,ENVIRONMENTAL ENGINEERING AND MANAGEMENT JOURNAL,10.30638/eemj.2014.006
"Kumari, M; Tripathi, BD",Effect of aeration and mixed culture of Eichhornia crassipes and Salvinia natans on removal of wastewater pollutants,Aeration; Eichhornia crassipes; Removal; Salvinia natans; Wastewater pollutants,ECOLOGICAL ENGINEERING,10.1016/j.ecoleng.2013.10.007
"Foladori, P; Ruaben, J; Ortigara, ARC",Recirculation or artificial aeration in vertical flow constructed wetlands: A comparative study for treating high load wastewater,Constructed wetlands; Vertical subsurface flow constructed wetlands; Intermittent aeration; Recirculation; Simultaneous nitrification-denitrification,BIORESOURCE TECHNOLOGY,10.1016/j.biortech.2013.09.099
"Wu, YF; Zhu, WB; Lu, XW",Identifying key parameters in a novel multistep bio-ecological wastewater treatment process for rural areas,Rural wastewater treatment; Nutrient removal; Multistep bio-ecological system; Water dropping aeration; Hydrophyte filter bed,ECOLOGICAL ENGINEERING,10.1016/j.ecoleng.2013.09.049
"Al-Baldawi, IA; Abdullah, SRS; Suja, F; Anuar, N; Mushrifah, I",Effect of aeration on hydrocarbon phytoremediation capability in pilot sub-surface flow constructed wetland operation,Phytoremediation; Scirpus grossus; Aeration; Sub-surface flow system; Diesel,ECOLOGICAL ENGINEERING,10.1016/j.ecoleng.2013.10.017
"Lopsik, K",Life cycle assessment of small-scale constructed wetland and extended aeration activated sludge wastewater treatment system,Sewage; Light expanded clay aggregate; Environmental impact; Impact 2002+; ReCiPe,INTERNATIONAL JOURNAL OF ENVIRONMENTAL SCIENCE AND TECHNOLOGY,10.1007/s13762-012-0159-y
"Rossmann, M; Matos, AT; Abreu, EC; Silva, FF; Borges, AC",Effect of influent aeration on removal of organic matter from coffee processing wastewater in constructed wetlands,Treatment wetland; Horizontal flow; Agro-industrial effluent; Coffee; Aeration,JOURNAL OF ENVIRONMENTAL MANAGEMENT,10.1016/j.jenvman.2013.06.045
"Fan, JL; Wang, WG; Zhang, B; Guo, YY; Ngo, HH; Guo, WS; Zhang, J; Wu, HM",Nitrogen removal in intermittently aerated vertical flow constructed wetlands: Impact of influent COD/N ratios,Intermittent aeration; COD/N ratio; Nitrogen removal; Vertical flow constructed wetlands,BIORESOURCE TECHNOLOGY,10.1016/j.biortech.2013.06.038
"Fan, JL; Zhang, B; Zhang, J; Ngo, HH; Guo, WS; Liu, FF; Guo, YY; Wu, HM",Intermittent aeration strategy to enhance organics and nitrogen removal in subsurface flow constructed wetlands,Intermittent aeration; Nitrification; Nitrogen removal; Organics removal; Subsurface flow constructed wetlands,BIORESOURCE TECHNOLOGY,10.1016/j.biortech.2013.03.077
"Clifford, E; Forde, P; McNamara, S; Rodgers, M; O'Reilly, E",Performance of Air Suction Flow Biofilm Reactor in Treating Municipal-Strength Wastewater,Air suction flow biofilm reactor (ASF-BR); Decentralized wastewater treatment; Attached growth; Nitrification; Passive aeration,JOURNAL OF ENVIRONMENTAL ENGINEERING-ASCE,10.1061/(ASCE)EE.1943-7870.0000682
"Butterworth, E; Dotro, G; Jones, M; Richards, A; Onunkwo, P; Narroway, Y; Jefferson, B",Effect of artificial aeration on tertiary nitrification in a full-scale subsurface horizontal flow constructed wetland,Aeration; Constructed wetlands; Carbon; Cost; Dissolved oxygen; Nitrification,ECOLOGICAL ENGINEERING,10.1016/j.ecoleng.2013.01.034
"Zhu, LD; Takala, J; Hiltunen, E; Li, ZH; Kristianto, Y",Comparison of vertical-flow constructed wetlands with and without supplementary aeration treating decentralized domestic wastewater,hydraulic retention time; idling time; aeration; removal efficiency; decentralized domestic wastewater,ENVIRONMENTAL TECHNOLOGY,10.1080/09593330.2012.679701
"Rossmann, M; de Matos, AT; Abreu, EC; Silva, FFE; Borges, AC",Performance of constructed wetlands in the treatment of aerated coffee processing wastewater: Removal of nutrients and phenolic compounds,Treatment wetland; Horizontal flow; Agro-industrial effluent; Coffee; Aeration,ECOLOGICAL ENGINEERING,10.1016/j.ecoleng.2012.08.017
"Pan, JZ; Zhang, HH; Li, WC; Ke, F",Full-Scale Experiment on Domestic Wastewater Treatment by Combining Artificial Aeration Vertical- and Horizontal-Flow Constructed Wetlands System,Artificial aeration; Domestic wastewater; Constructed wetlands; Seasonal variation; Hydraulic loading fluctuation,WATER AIR AND SOIL POLLUTION,10.1007/s11270-012-1306-2
"Yu, R; Wu, QP; Lu, XW",Constructed Wetland in a Compact Rural Domestic Wastewater Treatment System for Nutrient Removal,constructed wetland; rural wastewater treatment; water-dropping aeration,ENVIRONMENTAL ENGINEERING SCIENCE,10.1089/ees.2011.0209
"Ong, SA; Ho, LN; Wong, YS; Chen, SF; Viswanathan, M; Bahari, R",Mineralization of diazo dye (Reactive Black 5) in wastewater using recirculated up-flow constructed wetland reactor,Up-flow constructed wetland; Supplementary aeration; Reactive Black 5; Aromatic amines; Artificial aeration,DESALINATION AND WATER TREATMENT,10.1080/19443994.2012.677558
"Albuquerque, A; Makinia, J; Pagilla, K",Impact of aeration conditions on the removal of low concentrations of nitrogen in a tertiary partially aerated biological filter,Biological aerated filter; Denitrification; Nitrogen removal; Nitrification; Partial aeration; Residual removal,ECOLOGICAL ENGINEERING,10.1016/j.ecoleng.2012.03.006
"Chong, SH; Sen, TK; Kayaalp, A; Ang, HM",The performance enhancements of upflow anaerobic sludge blanket (UASB) reactors for domestic sludge treatment - A State-of-the-art review,Anaerobic; Post-treatment; UASB; Domestic sludge; Granulation; Review,WATER RESEARCH,10.1016/j.watres.2012.03.066
"Zhang, DQ; Gersberg, RM; Hua, T; Zhu, JF; Tuan, NA; Tan, SK",Pharmaceutical removal in tropical subsurface flow constructed wetlands at varying hydraulic loading rates,Pharmaceutical compounds; Subsurface flow; Constructed wetlands; Rhizosphere aeration; Continuous-feeding regime,CHEMOSPHERE,10.1016/j.chemosphere.2011.12.067
"Zhang, DQ; Tan, SK; Gersberg, RM; Zhu, JF; Sadreddini, S; Li, YF",Nutrient removal in tropical subsurface flow constructed wetlands under batch and continuous flow conditions,Batch (drain and fill); Continuous flow; Nitrogen; Phosphorus; Rhizosphere aeration; Subsurface flow; Constructed wetlands,JOURNAL OF ENVIRONMENTAL MANAGEMENT,10.1016/j.jenvman.2011.10.009
"Stefanakis, AI; Tsihrintzis, VA","Effects of loading, resting period, temperature, porous media, vegetation and aeration on performance of pilot-scale vertical flow constructed wetlands",Constructed wetlands; Vertical flow; Loading rate; Resting period; Temperature; Porous media; Vegetation; Aeration; Organic matter; Nitrogen; Phosphorus,CHEMICAL ENGINEERING JOURNAL,10.1016/j.cej.2011.11.108
"Zou, J; Guo, XS; Han, YP; Liu, JX; Liang, HW",Study of a Novel Vertical Flow Constructed Wetland System with Drop Aeration for Rural Wastewater Treatment,Rural wastewater treatment; Vertical flow constructed wetlands; Drop aeration; Zeolite; Dolomite,WATER AIR AND SOIL POLLUTION,10.1007/s11270-011-0910-x
"Dong, HY; Qiang, ZM; Li, TG; Jin, H; Chen, WD",Effect of artificial aeration on the performance of vertical-flow constructed wetland treating heavily polluted river water,vertical-flow constructed wetland; artificial aeration; polluted river water; hydraulic loading rate,JOURNAL OF ENVIRONMENTAL SCIENCES,10.1016/S1001-0742(11)60804-8
"Dickopp, J; Kazda, M; Cizkova, H",Differences in rhizome aeration of Phragmites australis in a constructed wetland,Oxygen demand; ROL; Organic matter; Eutrophication,ECOLOGICAL ENGINEERING,10.1016/j.ecoleng.2011.06.030
"Zhang, P; Hai, RT; Zhou, DK; He, YQ; Bai, ZY",Synergism of Novel Sequence Bio-ecological Process and Biological Aerated Filter for Sewage Treatment in Cold Climate,vertical subsurface constructed wetlands; biological aerated filter; bio-contact oxidation process carbon fiber; aeration; recirculation ratio,CHINESE JOURNAL OF CHEMICAL ENGINEERING,10.1016/S1004-9541(11)60069-4
"Tang, XQ; Huang, SL; Scholz, M; Li, JZ",Nutrient removal in vertical subsurface flow constructed wetlands treating eutrophic river water,constructed treatment wetland; polyhedron hollow polypropylene balls; Typha latifolia; intermittent artificial aeration; chemical oxygen demand; nitrogen; phosphorus; cost-benefit analysis,INTERNATIONAL JOURNAL OF ENVIRONMENTAL ANALYTICAL CHEMISTRY,10.1080/03067311003782674
"Ong, SA; Uchiyama, K; Inadama, D; Ishida, Y; Yamagiwa, K",Treatment of azo dye Acid Orange 7 containing wastewater using up-flow constructed wetland with and without supplementary aeration,Up-flow constructed wetland; Supplementary aeration; Nutrients; Acid Orange 7; Phytoremediation,BIORESOURCE TECHNOLOGY,10.1016/j.biortech.2010.07.034
"Selvamurugan, M; Doraisamy, P; Maheswari, M",An integrated treatment system for coffee processing wastewater using anaerobic and aerobic process,Coffee processing wastewater; UAHR; Aeration; Constructed wetland system,ECOLOGICAL ENGINEERING,10.1016/j.ecoleng.2010.07.013
"Ong, SA; Uchiyama, K; Inadama, D; Ishida, Y; Yamagiwa, K",Performance evaluation of laboratory scale up-flow constructed wetlands with different designs and emergent plants,Up-flow constructed wetland; Supplementary aeration; Emergent plant; Aerobic; Anaerobic,BIORESOURCE TECHNOLOGY,10.1016/j.biortech.2010.04.032
"Lu, XM; Huang, MS",Nitrogen and phosphorus removal and physiological response in aquatic plants under aeration conditions,Morphological and physiological characteristic; Nymphaea tetragona Georgi.; Pontederia cordata L.,INTERNATIONAL JOURNAL OF ENVIRONMENTAL SCIENCE AND TECHNOLOGY,10.1007/BF03326176
"Zhang, LY; Zhang, L; Liu, YD; Shen, YW; Liu, H; Xiong, Y",Effect of limited artificial aeration on constructed wetland treatment of domestic wastewater,Constructed wetland; Limited artificial aeration; BOD removal; NH(4)(+)-N transformation; TN removal; Domestic wastewater,DESALINATION,10.1016/j.desal.2008.04.062
"Pi, N; Tam, NFY; Wong, MH",EFFECT OF WASTEWATER DISCHARGE ON ROOT ANATOMY AND RADIAL OXYGEN LOSS (ROL) PATTERNS OF THREE MANGROVE SPECIES IN SOUTHERN CHINA,aerenchyma; A; ilicifolius; B; gymnorrhiza; constructed wetland; E; agallocha; epidermis and hypodermis,INTERNATIONAL JOURNAL OF PHYTOREMEDIATION,10.1080/15226510903051765
"Tao, M; He, F; Xu, D; Li, M; Wu, ZB",How Artificial Aeration Improved Sewage Treatment of an Integrated Vertical-Flow Constructed Wetland,integrated vertical-flow constructed wetland (IVCW); artificial aeration; redox potential; purification effects; domestic sewage,POLISH JOURNAL OF ENVIRONMENTAL STUDIES,
"Zhang, LP; Zhu, JL; Xie, MM; Bai, YP; Guan, J; Liu, Y; Zheng, FD",Comparison of Technology about Improving the Quality of Slightly-Polluted Surface Water,surface water; aeration biological filter; biological contact oxidation; anaerobic biofilter; coagulation sedimentation; electrochemistry oxidation; constructed wetland,PROCEEDINGS OF THE 10TH CONFERENCE ON MAN-MACHINE-ENVIRONMENT SYSTEM ENGINEERING,
"Chen, X; Luo, AC; Sato, K; Wakatsuki, T; Masunaga, T",An introduction of a multi-soil-layering system: a novel green technology for wastewater treatment in rural areas,aeration; hydraulic loading rate; multi-soil-layering system; soil mixture block layer; wastewater treatment; water-permeable layer,WATER AND ENVIRONMENT JOURNAL,10.1111/j.1747-6593.2008.00143.x
"Ong, SA; Uchiyama, K; Inadama, D; Yamagiwa, K","Simultaneous removal of color, organic compounds and nutrients in azo dye-containing wastewater using up-flow constructed wetland",Up-flow constructed wetland; Azo dye; Nutrients; Supplementary aeration; Wastewater treatment,JOURNAL OF HAZARDOUS MATERIALS,10.1016/j.jhazmat.2008.10.071
"Chazarenc, F; Gagnon, V; Comeau, Y; Brisson, J",Effect of plant and artificial aeration on solids accumulation and biological activities in constructed wetlands,Water treatment; Typha angustifolia; Phragmites australis; Mesocosms; Microbial activity; Sulphide,ECOLOGICAL ENGINEERING,10.1016/j.ecoleng.2008.07.008
"Zimmels, Y; Kirzhner, F; Kadmon, A",Effect of circulation and aeration on wastewater treatment by floating aquatic plants,Aquatic plants; Sewage; Treatment; Second order reaction; Circulation; Aeration,SEPARATION AND PURIFICATION TECHNOLOGY,10.1016/j.seppur.2009.01.019
"Tao, WD; Wang, J","Effects of vegetation, limestone and aeration on nitritation, anammox and denitrification in wetland treatment systems",Aeration; Anammox; Constructed wetland; Denitrification; Limestone; Nitritation; Nitrogen; Vegetation,ECOLOGICAL ENGINEERING,10.1016/j.ecoleng.2008.12.003
"Maltais-Landry, G; Maranger, R; Brisson, J; Chazarenc, F",Greenhouse gas production and efficiency of planted and artificially aerated constructed wetlands,Horizontal subsurface constructed wetlands; Nitrous oxide; Methane; Artificial aeration; Macrophytes,ENVIRONMENTAL POLLUTION,10.1016/j.envpol.2008.11.019
"Maltais-Landry, G; Maranger, R; Brisson, J",Effect of artificial aeration and macrophyte species on nitrogen cycling and gas flux in constructed wetlands,Horizontal subsurface flow constructed wetlands; Nitrous oxide; Methane; Artificial aeration; Typha angustifolia; Phragmites australis,ECOLOGICAL ENGINEERING,10.1016/j.ecoleng.2008.03.003
"Ong, SA; Uchiyama, K; Inadama, D; Ishida, Y; Yamagiwa, K",Phytoremediation of industrial effluent containing azo dye by model up-flow constructed wetland,Up-flow constructed wetland; Supplementary aeration; Acid Orange 7,CHINESE CHEMICAL LETTERS,10.1016/j.cclet.2008.10.028
"Maltais-Landry, G; Maranger, R; Brisson, J; Chazarenc, F",Nitrogen transformations and retention in planted and artificially aerated constructed wetlands,Horizontal subsurface flow; constructed wetlands; Nitrogen; Nitrification; Denitrification; Macrophytes species; Artificial aeration,WATER RESEARCH,10.1016/j.watres.2008.10.040
"Jing, ZQ; Wang, Z; Lu, XW; Li, XN",Performance of Biological-ecological Process for Rural Domestic Sewage Treatment in Taihu Lake Region,biological-ecological; rural domestic sewage; anaerobic hydrolysis; waterfall aeration; constructed wetland,"2009 INTERNATIONAL CONFERENCE ON ENVIRONMENTAL SCIENCE AND INFORMATION APPLICATION TECHNOLOGY, VOL II, PROCEEDINGS",10.1109/ESIAT.2009.129
"Adeola, S; Revitt, M; Shutes, B; Garelick, H; Jones, H; Jones, C",CONSTRUCTED WETLAND CONTROL OF BOD LEVELS IN AIRPORT RUNOFF,aerated pond; anti- and de-icing fluids (ADFs); bacteria populations,INTERNATIONAL JOURNAL OF PHYTOREMEDIATION,10.1080/15226510802363220
"MacPhee, NB; Gordon, R; Gagnon, GA; Stratton, GW; Blanchard, J; Wood, JD",EVALUATION OF A DIFFUSED AIR AERATION SYSTEM FOR A CONSTRUCTED WETLAND RECEIVING DAIRY WASTEWATER,Agricultural wastewater; Artificial aeration; Treatment wetlands,TRANSACTIONS OF THE ASABE,
"Tang, XQ; Huang, SL; Scholz, M",Nutrient Removal in Wetlands During Intermittent Artificial Aeration,subsurface vertical-flow constructed wetland; biomass; intermittent artificial aeration; substrate; denitrification; eutrophic river water,ENVIRONMENTAL ENGINEERING SCIENCE,10.1089/ees.2007.0260
"Karabelnik, K; Noorvee, A; Poldvere, E; Mander, U",Batch-operation as a method to enhance oxygen supply in a constructed wetland,aeration capacity; batch operation; constructed wetland; LWA filter system; oxygen supply; re-circulation,GEO-ENVIRONMENT AND LANDSCAPE EVOLUTION III,
"Wallace, S; Nivala, J; Meyers, T",Statistical Analysis of Treatment Performance in Aerated and Nonaerated Subsurface Flow Constructed Wetlands,Aeration; coliform bacteria; constructed wetland; suspended solids,"WASTEWATER TREATMENT, PLANT DYNAMICS AND MANAGEMENT IN CONSTRUCTED AND NATURAL WETLANDS",10.1007/978-1-4020-8235-1_15
"Paredes, D; Kuschk, P; Koser, H",Influence of plants and organic matter on the nitrogen removal in laboratory-scale model subsurface flow constructed wetlands inoculated with anaerobic ammonium oxidizing bacteria,bioremediation; constructed wetlands; denitrification; nitrification,ENGINEERING IN LIFE SCIENCES,10.1002/elsc.200700030
"Wang, CY; Fang, F; Guo, JS",Experimental study on CRI treating sewage at different wet/dry ratios in Three Gorges Reservoir Region,constructed rapid infiltration system; wet/dry ratio; aeration; Three Gorges Reservoir Region; sewage,JOURNAL OF CENTRAL SOUTH UNIVERSITY OF TECHNOLOGY,10.1007/s11771-007-0452-y
"Nivala, J; Hoos, MB; Cross, C; Wallace, S; Parkin, G","Treatment of landfill leachate using an aerated, horizontal subsurface-flow constructed wetland",aeration; ammonia; clogging; cold climate; constructed wetland; horizontal subsurface flow (HSSF); iron; landfill leachate; nitrogen,SCIENCE OF THE TOTAL ENVIRONMENT,10.1016/j.scitotenv.2006.12.030
"Maltais-Landry, G; Chazarenc, F; Comeau, Y; Troesch, S; Brisson, J","Effects of artificial aeration, macrophyte species, and loading rate on removal efficiency in constructed wetland mesocosms treating fish farm wastewater",horizontal subsurface flow constructed wetlands; artificial aeration; loading rates; Phragmites australis; Typha angustifolia; fish farm wastewater,JOURNAL OF ENVIRONMENTAL ENGINEERING AND SCIENCE,10.1139/S06-069
"White, SD; Deegan, BM; Ganf, GG",The influence of water level fluctuations on the potential for convective flow in the emergent macrophytes Typha domingensis and Phragmites australis,plant aeration; internal pressurisation; O-2 transport; resistance; bulk flow; wetland plant,AQUATIC BOTANY,10.1016/j.aquabot.2007.01.006
"Zaytsev, I; Nurk, K; Poldvere, E; Noorvee, A; Mander, U",The effects of flow regime and temperature on the wastewater purification efficiency of a pilot hybrid constructed wetland,aeration; design; hybrid constructed wetland; limestone; LWA; recirculation,WATER RESOURCES MANAGEMENT IV,10.2495/WRM070401
"Ouellet-Plamondon, C; Chazarenc, F; Comeau, Y; Brisson, J",Artificial aeration to increase pollutant removal efficiency of constructed wetlands in cold climate,horizontal subsurface flow constructed wetland; aeration fish farm effluent; cold climate,ECOLOGICAL ENGINEERING,10.1016/j.ecoleng.2006.03.006
"Munoz, P; Drizo, A; Hession, WC",Flow patterns of dairy wastewater constructed wetlands in a cold climate,constructed wetlands; tracer study; aeration; hydraulic efficiency,WATER RESEARCH,10.1016/j.watres.2006.06.036
"Kirzhner, F; Zimmels, Y",Water vapor and air transport through ponds with floating aquatic plants,water plants; evaporation; evapotranspiration; wastewater; treatment; test; bubble; aeration,WATER ENVIRONMENT RESEARCH,10.2175/106143005X73127
"Striker, GG; Insausti, P; Grimoldi, AA; Leon, RJC",Root strength and trampling tolerance in the grass Paspalum dilatatum and the dicot Lotus glaber in flooded soil,aerenchyma; flooding; soil compaction,FUNCTIONAL ECOLOGY,10.1111/j.1365-2435.2006.01075.x
"Carter, JL; Colmer, TD; Veneklaas, EJ",Variable tolerance of wetland tree species to combined salinity and waterlogging is related to regulation of ion uptake and production of organic solutes,aerenchyma; folial Na+ and Cl- concentrations; leaf sap osmotic potential; methyl proline; proline; salinity; waterlogging; woody species,NEW PHYTOLOGIST,10.1111/j.1469-8137.2005.01552.x
"Admon, S; Tarre, S; Sabbah, I; Lahav, O; Beliavski, M; Green, M",Treatment of presettled municipal wastewater using a passively aerated vertical bed,vertical flow constructed wetlands; sewage treatment; clogging; rest period; passive aeration,ENVIRONMENTAL ENGINEERING SCIENCE,10.1089/ees.2005.22.707
"Picek, T; Dusek, J; Zemanova, K",Nitrogen transformations and microbial activities in gravel bed horizontal subsurface flow constructed wetlands - Aerobic and anaerobic incubation experiments,aeration conditions; anaerobic conditions; constructed wetlands; denitrification; gravel beds; horizontal flow systems; methanogenesis; nitrification; nitrogen; waste-water treatment,"Natural and Constructed Wetlands: Nutrients, Metals and Management",
"Noorvee, A; Poldvere, E; Mander, U",The effect of a vertical flow filter bed on a hybrid constructed wetland system,aeration; denitrification; design; hybrid constructed wetland; nitrification; oxygen supply,WATER SCIENCE AND TECHNOLOGY,
"Wallace, S; Kadlec, R",BTEX degradation in a cold-climate wetland system,aeration; benzene; BTEX; cold-climate; subsurface-flow wetland,WATER SCIENCE AND TECHNOLOGY,
"Tanner, CC",Plants as ecosystem engineers in subsurface-flow treatment wetlands,aeration; constructed wetlands; natural systems; nutrient removal; phytoremediation; wetland plants,WATER SCIENCE AND TECHNOLOGY,
"Revitt, DM; Worrall, P; Brewer, D",The integration of constructed wetlands into a treatment system for airport runoff,aeration; airport runoff; BOD removal; constructed wetlands; glycol,WATER SCIENCE AND TECHNOLOGY,
"Yan, X; Du, L; Shi, S; Xing, G",Nitrous oxide emission from wetland rice soil as affected by the application of controlled-availability fertilizers and mid-season aeration,nitrous oxide flux; inorganic nitrogen concentrations; soil water; wetland rice soil; re-flooding period,BIOLOGY AND FERTILITY OF SOILS,10.1007/s003740000215
"Li, XZ; Hao, X; Zhu, DY",A modified aeration process for promoting nutrient removal using water hyacinth to treat sewage,nutrient removal; water hyacinth; aeration; uptake of plant; chlorosis,ENVIRONMENTAL TECHNOLOGY,10.1080/09593332108618093
"Cottingham, PD; Davies, TH; Hart, BT",Aeration to promote nitrification in constructed wetlands,constructed wetlands; reed beds; nitrogen removal; nitrification; denitrification; aeration,ENVIRONMENTAL TECHNOLOGY,10.1080/09593332008616794
"Costa-Pierce, BA","Preliminary investigation of an integrated aquaculture-wetland ecosystem using tertiary-treated municipal wastewater in Los Angeles County, California",integrated aquaculture wetland ecosystem; inorganic nitrogen removal; tertiary-treated wastewater; Eichhornia crassipes; solar energy aeration system,ECOLOGICAL ENGINEERING,10.1016/S0925-8574(98)00003-2
"Edwards, J; Gray, KR; Biddlestone, AJ",Improved aeration of downflow reed beds to treat high strength wastewaters,aeration; COD; constructed wetlands; vertical flow reed beds; wastewater treatment,"1997 JUBILEE RESEARCH EVENT, VOLS 1 AND 2",
"Szogi, AA; Humenik, FJ; Rice, JM; Hunt, PG",Swine wastewater treatment by media filtration,aeration; anaerobic lagoon; nitrification; phosphorus; solids removal; trickling filter,JOURNAL OF ENVIRONMENTAL SCIENCE AND HEALTH PART B-PESTICIDES FOOD CONTAMINANTS AND AGRICULTURAL WASTES,10.1080/03601239709373115
"Pezeshki, SR",Photosynthesis and root growth in Spartina alterniflora in relation to root zone aeration,anaerobiosis; leaf conductance; plant-soil interactions; redox potential; rhizotron; wetland plants,PHOTOSYNTHETICA,10.1023/A:1006820019220
"Brix, H",Do macrophytes play a role in constructed treatment wetlands?,hydraulic conductivity; biochemical oxygen demand; rhizosphere; oxygen transport; root oxygen release; aeration; nutrient uptake,WATER SCIENCE AND TECHNOLOGY,10.1016/S0273-1223(97)00047-4
"Pezeshki, SR; DeLaune, RD",Responses of Spartina alterniflora and Spartina patens to rhizosphere oxygen deficiency,Anaerobiosis; coastal vegetation; flooding; hypoxia; microcosm; photosynthesis; redox potential; wetland,ACTA OECOLOGICA-INTERNATIONAL JOURNAL OF ECOLOGY,
"Martin, CD; Johnson, KD",The use of extended aeration and in-series surface-flow wetlands for landfill leachate treatment,emergent macrophytes; evapotranspiration; hydraulic loading; industrial wastewater; landfill leachate; rapid infiltration basin; surface flow; water budget,WATER SCIENCE AND TECHNOLOGY,10.1016/0273-1223(95)00612-5
"Zheng, FP; Huang, LL; Pan, J; Fan, LL; Wang, SY; Tan, CQ",Does influent surface organic loading and aeration mode affect nitrogen removal and N2O emission in subsurface wastewater infiltration systems?,Surface organic loading; Aeration mode; Functional genes; N2O; Nitrogen,ECOLOGICAL ENGINEERING,10.1016/j.ecoleng.2018.09.015
"Han, BC; Jiang, WL; Zhang, Y; Wei, W; Chen, J",Profile of organic carbon and nitrogen removal by a continuous flowing conventional activated sludge reactor with pulse aeration,Activated sludge; Pulse aeration; Nitrogen removal; Denitrifier; Bacteria community,PROCESS SAFETY AND ENVIRONMENTAL PROTECTION,10.1016/j.psep.2018.05.022
"Zheng, FP; Zhao, Y; Li, ZQ; Tan, CQ; Pan, J; Fan, LL; Xiao, L; Hou, WY",Nitrogen removal and N2O emission by shunt distributing wastewater in aerated or non-aerated subsurface wastewater infiltration systems under different shunt ratios,intermittent aeration; N2O; shunt distributing wastewater; shunt ratio; subsurface wastewater infiltration system,WATER SCIENCE AND TECHNOLOGY,10.2166/wst.2018.302
"Hou, J; Wang, X; Wang, J; Xia, L; Zhang, YQ; Li, DP; Ma, XF",Pathway governing nitrogen removal in artificially aerated constructed wetlands: Impact of aeration mode and influent chemical oxygen demand to nitrogen ratios,Constructed wetlands; Biological nitrogen removal; Anammox; Influent COD/N; Intermittent aeration,BIORESOURCE TECHNOLOGY,10.1016/j.biortech.2018.02.042
"Jiang, YY; Sun, YF; Pan, J; Qi, SY; Chen, QY; Tong, DL",Nitrogen removal and N2O emission in subsurface wastewater infiltration systems with/without intermittent aeration under different organic loading rates,N2O; Subsurface wastewater infiltration system; Intermittent aeration; Nitrogen removal functional genes; Organic loading rate,BIORESOURCE TECHNOLOGY,10.1016/j.biortech.2017.07.135
"Pan, J; Qi, SY; Sun, YF; Jiang, YY; Zhao, N; Huang, LL; Sun, YN",Nitrogen removal and nitrogen functional gene abundances in three subsurface wastewater infiltration systems under different modes of aeration and influent C/N ratios,C/N ratio; Aeration mode; Nitrogen; Nitrogen functional gene,BIORESOURCE TECHNOLOGY,10.1016/j.biortech.2017.05.112
"Fei, HX; Pan, J; Tong, DL; Huang, LL; Yu, L; Sun, YF; Qi, SY; Huang, YY",Effect of COD/N Ratio on Removal Performances in Two Subsurface Wastewater Infiltration Systems,subsurface wastewater infiltration system; intermittent aeration; COD/N ratio; pollutants removal; dissolved oxygen,WATER ENVIRONMENT RESEARCH,10.2175/106143017X14839994522867
"Sun, YF; Pan, J; Qi, SY; Fei, HX",Effects of hydraulic loading rate and aeration mode on nitrogen removal and nitrogen functional gene abundances in subsurface wastewater infiltration systems,continuous aeration; denitrification; intermittent aeration; nitrification,WATER SCIENCE AND TECHNOLOGY,10.2166/wst.2017.208
"Phenrat, T; Teeratitayangkul, P; Prasertsung, I; Parichatprecha, R; Jitsangiam, P; Chomchalow, N; Wichai, S",Vetiver plantlets in aerated system degrade phenol in illegally dumped industrial wastewater by phytochemical and rhizomicrobial degradation,Phenol; Root-produced peroxideand peroxidase; Rhizomicrobial degradation; Phytoremediation; Illegal dumping; Wastewater,ENVIRONMENTAL SCIENCE AND POLLUTION RESEARCH,10.1007/s11356-016-7707-9
"Hou, J; Xia, L; Ma, T; Zhang, YQ; Zhou, YY; He, XG",Achieving short-cut nitrification and denitrification in modified intermittently aerated constructed wetland,Nitrogen removal pathway; Intermittent aeration control; Partial nitrification; Vertical flow constructed wetland,BIORESOURCE TECHNOLOGY,10.1016/j.biortech.2017.02.027
"Carballeira, T; Ruiz, I; Soto, M",Aerobic and anaerobic biodegradability of accumulated solids in horizontal subsurface flow constructed wetlands,Clogging; Solids accumulation; Solids biodegradation; Plants; Constructed wetlands,INTERNATIONAL BIODETERIORATION & BIODEGRADATION,10.1016/j.ibiod.2016.10.048
"Chyan, JM; Jhu, YX; Chen, IM; Shiu, RF",Improvement of nitrogen removal by external aeration and intermittent circulation in a subsurface flow constructed wetland of landscape garden ponds,Subsurface flow constructed wetlands; Landscape garden ponds; Ammonium-nitrogen; Nitrate-nitrogen; Aerobic nitrification; Aeration; Circulation,PROCESS SAFETY AND ENVIRONMENTAL PROTECTION,10.1016/j.psep.2016.02.016
"Fei, HX; Tong, DL; Pan, J; Zhang, Y; Huang, LL; Cheng, F; Zheng, FP",Pollutant removal in subsurface wastewater infiltration systems with/without intermittent aeration under different organic pollutant loadings,subsurface wastewater infiltration system; intermittent aeration; oxidation reduction potential; organic pollutant loading; pollutants removal,WATER SA,10.4314/wsa.v42i4.09
"Pan, J; Yuan, F; Zhang, Y; Huang, LL; Yu, L; Zheng, FP; Cheng, F; Zhang, JD",Pollutants removal in subsurface infiltration systems by shunt distributing wastewater with/without intermittent aeration under different shunt ratios,Subsurface infiltration system; Intermittent aeration; Shunt distributing wastewater; Shunt ratios,BIORESOURCE TECHNOLOGY,10.1016/j.biortech.2016.06.079
"Chyan, JM; Lin, CJ; Lin, YC; Chou, YA",Improving removal performance of pollutants by artificial aeration and flow rectification in free water surface constructed wetland,Constructed wetlands; Artificial aeration; Flow rectification; Biochemical oxygen demand; Ammonium-nitrogen,INTERNATIONAL BIODETERIORATION & BIODEGRADATION,10.1016/j.ibiod.2016.04.034
"Pan, J; Yuan, F; Zhang, Y; Huang, LL; Cheng, F; Zheng, FP; Liu, RX",Nitrogen removal in subsurface wastewater infiltration systems with and without intermittent aeration,Subsurface wastewater infiltration system; Intermittent aeration; Organic pollutant loading; Pollutants removal,ECOLOGICAL ENGINEERING,10.1016/j.ecoleng.2016.06.025
"Pan, J; Yuan, F; Yu, L; Huang, LL; Fei, HX; Cheng, F; Zhang, Q",Performance of organics and nitrogen removal in subsurface wastewater infiltration systems by intermittent aeration and shunt distributing wastewater,Subsurface wastewater infiltration system; Intermittent aeration; Shunt distributing wastewater; Oxidation reduction potential; Nitrogen,BIORESOURCE TECHNOLOGY,10.1016/j.biortech.2016.03.133
"Song, SY; Pan, J; Wu, SW; Guo, YJ; Yu, JX; Shan, QC",Effects of chemical oxygen demand (COD)/N ratios on pollutants removal in the subsurface wastewater infiltration systems with/without intermittent aeration,intermittent aeration; pollutants removal; oxidation reduction potential; subsurface wastewater infiltration system,WATER SCIENCE AND TECHNOLOGY,10.2166/wst.2016.125
"Pan, J; Fei, HX; Song, SY; Yuan, F; Yu, L",Effects of intermittent aeration on pollutants removal in subsurface wastewater infiltration system,Subsurface wastewater infiltration system; Intermittent aeration; Oxidation reduction potential; Microbial population; Enzyme activity,BIORESOURCE TECHNOLOGY,10.1016/j.biortech.2015.05.023
"Lin, JL; Tu, YT; Chiang, PC; Chen, SH; Kao, CM",Using aerated gravel-packed contact bed and constructed wetland system for polluted river water purification: A case study in Taiwan,Aerated gravel-packed contact bed; Constructed wetland; River pollution; Water quality; Wetland hydrology,JOURNAL OF HYDROLOGY,10.1016/j.jhydrol.2015.03.049
"Wosiack, PA; Lopes, DD; Damianovic, MHRZ; Foresti, E; Granato, D; Barana, AC",Removal of COD and nitrogen from animal food plant wastewater in an intermittently-aerated structured-bed reactor,Removal of carbon; Removal of nitrogen; Nitrification; Denitrification; Biological reactor,JOURNAL OF ENVIRONMENTAL MANAGEMENT,10.1016/j.jenvman.2015.02.026
"Ding, Y; Wang, W; Song, XS; Wang, G; Wang, YH",Effect of spray aeration on organics and nitrogen removal in vertical subsurface flow constructed wetland,Vertical subsurface flow constructed wetland; Spray aeration; Nitrogen removal; Organics removal; Nitrification,CHEMOSPHERE,10.1016/j.chemosphere.2014.08.084
"Redmond, ED; Just, CL; Parkin, GF",Nitrogen Removal from Wastewater by an Aerated Subsurface-Flow Constructed Wetland in Cold Climates,subsurface-flow wetland; aeration; ammonia; nitrogen removal; vegetation; cold climate,WATER ENVIRONMENT RESEARCH,10.2175/106143013X13736496908591
"Sheng, YQ; Qu, YX; Ding, CF; Sun, QY; Mortimer, RJG",A combined application of different engineering and biological techniques to remediate a heavily polluted river,Polluted river; Aeration; Biological aerated filter; Bioremediation; China,ECOLOGICAL ENGINEERING,10.1016/j.ecoleng.2013.04.004
"Liu, L; Zhao, XH; Zhao, N; Shen, Z; Wang, M; Guo, YZ; Xu, YB",Effect of aeration modes and influent COD/N ratios on the nitrogen removal performance of vertical flow constructed wetland,Vertical flow constructed wetland; Nitrogen removal; Aeration mode; COD/N ratio; Plant assimilation; Dissolved oxygen,ECOLOGICAL ENGINEERING,10.1016/j.ecoleng.2013.04.019
"Lu, XM; Lu, PZ; Huang, MS; Dai, LP",SEASONAL VARIATIONS AND AERATION EFFECTS ON WATER QUALITY IMPROVEMENTS AND PHYSIOLOGICAL RESPONSES OF NYMPHAEA TETRAGONA GEORGI,aeration; hydrophytes; plant morphology and physiology; water quality; seasonal variation,INTERNATIONAL JOURNAL OF PHYTOREMEDIATION,10.1080/15226514.2012.716103
"Fan, JL; Liang, S; Zhang, B; Zhang, J",Enhanced organics and nitrogen removal in batch-operated vertical flow constructed wetlands by combination of intermittent aeration and step feeding strategy,Batch-operated vertical flow constructed wetlands; Nitrogen removal; Intermittent aeration; Step feeding; Denitrification; Nitrification,ENVIRONMENTAL SCIENCE AND POLLUTION RESEARCH,10.1007/s11356-012-1130-7
"Xia, HX; Zhu, QH",Purification Effect of Self-aeration Constructed Wetlands on COD,artificial aeration; self-aeration; domestic animal breeding wastewater,"MATERIAL DESIGN, PROCESSING AND APPLICATIONS, PARTS 1-4",10.4028/www.scientific.net/AMR.690-693.1122
"Wang, L; Li, GX; Chazarenc, F; Liu, CX; Li, J","Effect of artificial aeration, inoculation of bacteria and plant growth on nutrient removal from poultry wastewater in trickling columns fed with reactive media",Trickling columns; wastewater; nutrient removal; inoculation of nitrifying and denitrifying bacteria; artificial aeration; Oryza globerrima,JOURNAL OF FOOD AGRICULTURE & ENVIRONMENT,
"Zhao, J; Lang, XM; Chao, L",The Pilot-scale Study of Constructed Intensified Biological Bed on the Purification of Northern Transboundary Polluted River Water,polluted river; biological bed; intensified aeration; recirculation,"RENEWABLE AND SUSTAINABLE ENERGY, PTS 1-7",10.4028/www.scientific.net/AMR.347-353.2727
"Zhao, F; Lu, XM; Huang, MS",PHYSIOLOGICAL RESPONSE AND POLLUTANT REMOVAL EFFICIENCY OF Pontederia cordata TO URBAN POLLUTED RIVER WATER UNDER AERATION CONDITION,physiological response; removal efficiency; P. cordata; aeration; purifying tank,FRESENIUS ENVIRONMENTAL BULLETIN,
"Hamdan, R; Mara, DD",The effect of aerated rock filter geometry on the rate of nitrogen removal from facultative pond effluents,aerated rock filters; ammonium nitrogen; facultative ponds; horizontal flow; vertical flow,WATER SCIENCE AND TECHNOLOGY,10.2166/wst.2011.102
"Forbes, DA; Reddy, GB; Hunt, PG; Poach, ME; Ro, KS; Cyrus, JS",Comparison of aerated marsh-pond-marsh and continuous marsh constructed wetlands for treating swine wastewater,Constructed wetlands; marsh-pond-marsh design; continuous marsh; N removal,JOURNAL OF ENVIRONMENTAL SCIENCE AND HEALTH PART A-TOXIC/HAZARDOUS SUBSTANCES & ENVIRONMENTAL ENGINEERING,10.1080/10934521003708927
"Tang, XQ; Huang, SL; Scholz, M; Li, JZ","Nutrient Removal in Pilot-Scale Constructed Wetlands Treating Eutrophic River Water: Assessment of Plants, Intermittent Artificial Aeration and Polyhedron Hollow Polypropylene Balls",Constructed wetlands; Intermittent artificial aeration; Polyhedron hollow polypropylene balls; Chemical oxygen demand; Nitrogen; Phosphorus,WATER AIR AND SOIL POLLUTION,10.1007/s11270-008-9791-z
"Wang, CY; Fang, F; Guo, JS",Experimental study on CRI treating sewage at different wet/dry ratios in Three Gorges Reservoir Region,constructed rapid infiltration system; wet/dry ratio; aeration; Three Gorges Reservoir Region; sewage,JOURNAL OF CENTRAL SOUTH UNIVERSITY OF TECHNOLOGY,10.1007/s11771-007-0452-y
"Noorvee, A; Poldvere, E; Mander, U",The effect of pre-aeration on the purification processes in the long-ten-n performance of a horizontal subsurface flow constructed wetland,aeration; denitrification; constructed wetland; horizontal flow; nitrification; vertical flow,SCIENCE OF THE TOTAL ENVIRONMENT,10.1016/j.scitotenv.2007.02.018
"Johnson, ML; Mara, DD",Ammonia removal from facultative pond effluents in a constructed wetland and an aerated rock filter: Performance comparison in winter and summer,waste stabilization ponds; aeration; ammonia; rock filter; constructed wetland,WATER ENVIRONMENT RESEARCH,10.2175/106143007X197939
"Noorvee, A; Repp, K; Poldvere, E; Mander, U",The effects of aeration and the application of the k-C* model in a subsurface flow constructed wetland,aeration capacity; k-C* model; oxygen demand; vertical subsurface flow wetland,JOURNAL OF ENVIRONMENTAL SCIENCE AND HEALTH PART A-TOXIC/HAZARDOUS SUBSTANCES & ENVIRONMENTAL ENGINEERING,10.1081/ESE-200055884
